{"cameraMode":{"drawMode":0,"name":"Shaded","section":"Shading Mode"},"sceneLighting":true,"audioPlay":false,"sceneViewState":{"showFog":true,"showMaterialUpdate":false,"showSkybox":true,"showFlares":true,"showImageEffects":true,"showParticleSystems":true},"in2DMode":false,"pivot":{"x":38.793766021728519,"y":2.8955469131469728,"z":-26.095781326293947},"rotation":{"x":-0.3587454557418823,"y":0.006516480818390846,"z":-0.002319314517080784,"w":-0.9335054755210877},"size":4.200478553771973,"orthographic":true}