{"cameraMode":{"drawMode":0,"name":"Shaded","section":"Shading Mode"},"sceneLighting":false,"audioPlay":false,"sceneViewState":{"showFog":true,"showMaterialUpdate":false,"showSkybox":false,"showFlares":true,"showImageEffects":true,"showParticleSystems":true},"in2DMode":false,"pivot":{"x":5.341736793518066,"y":-0.972048282623291,"z":-4.5438385009765629},"rotation":{"x":-0.4934867024421692,"y":0.28384125232696535,"z":-0.17434062063694,"w":-0.8034365773200989},"size":2.342548131942749,"orthographic":false}