{"cameraMode":{"drawMode":0,"name":"Shaded","section":"Shading Mode"},"sceneLighting":false,"audioPlay":false,"sceneViewState":{"showFog":true,"showMaterialUpdate":false,"showSkybox":false,"showFlares":true,"showImageEffects":true,"showParticleSystems":true},"in2DMode":false,"pivot":{"x":5.412883281707764,"y":0.0420680046081543,"z":-2.975224733352661},"rotation":{"x":-0.35608041286468508,"y":0.17290763556957246,"z":-0.06722576916217804,"w":-0.9158564805984497},"size":2.342548131942749,"orthographic":false}