{"cameraMode":{"drawMode":0,"name":"Shaded","section":"Shading Mode"},"sceneLighting":true,"audioPlay":false,"sceneViewState":{"showFog":true,"showMaterialUpdate":false,"showSkybox":true,"showFlares":true,"showImageEffects":true,"showParticleSystems":true},"in2DMode":false,"pivot":{"x":39.93199920654297,"y":2.86299991607666,"z":-10.472000122070313},"rotation":{"x":-0.4478698968887329,"y":-0.19091729819774629,"z":0.09867250174283982,"w":-0.8679618239402771},"size":0.08372046053409577,"orthographic":true}