{"cameraMode":{"drawMode":0,"name":"Shaded","section":"Shading Mode"},"sceneLighting":true,"audioPlay":false,"sceneViewState":{"showFog":true,"showMaterialUpdate":false,"showSkybox":true,"showFlares":true,"showImageEffects":true,"showParticleSystems":true},"in2DMode":false,"pivot":{"x":-1.8924134969711304,"y":1.0753206014633179,"z":0.5880355834960938},"rotation":{"x":-0.12491278350353241,"y":0.8207746148109436,"z":-0.19641435146331788,"w":-0.5218942165374756},"size":0.6500746607780457,"orthographic":true}