{"cameraMode":{"drawMode":0,"name":"Shaded","section":"Shading Mode"},"sceneLighting":false,"audioPlay":false,"sceneViewState":{"showFog":true,"showMaterialUpdate":false,"showSkybox":false,"showFlares":true,"showImageEffects":true,"showParticleSystems":true},"in2DMode":false,"pivot":{"x":15.800000190734864,"y":1.1999998092651368,"z":-4.429999828338623},"rotation":{"x":-0.45650675892829897,"y":-0.02748674340546131,"z":0.014111578464508057,"w":-0.8891860246658325},"size":4.505810737609863,"orthographic":false}