{"cameraMode":{"drawMode":0,"name":"Shaded","section":"Shading Mode"},"sceneLighting":true,"audioPlay":false,"sceneViewState":{"showFog":true,"showMaterialUpdate":false,"showSkybox":true,"showFlares":true,"showImageEffects":true,"showParticleSystems":true},"in2DMode":false,"pivot":{"x":39.974205017089847,"y":5.62188720703125,"z":-12.815226554870606},"rotation":{"x":-0.4706536531448364,"y":0.09182799607515335,"z":-0.04934391379356384,"w":-0.8762651085853577},"size":1.2951573133468629,"orthographic":true}