{"cameraMode":{"drawMode":0,"name":"Shaded","section":"Shading Mode"},"sceneLighting":false,"audioPlay":false,"sceneViewState":{"showFog":true,"showMaterialUpdate":false,"showSkybox":false,"showFlares":true,"showImageEffects":true,"showParticleSystems":true},"in2DMode":false,"pivot":{"x":1.0999999046325684,"y":0.9089999794960022,"z":0.5320000648498535},"rotation":{"x":-0.1857210248708725,"y":0.03334055840969086,"z":-0.006200467702001333,"w":-0.9820869565010071},"size":0.08372046053409577,"orthographic":true}